{
    "f1": 0.6230730979612134,
    "precision": 0.47642585551330796,
    "recall": 0.9001436781609196,
    "roc_auc": 0.9501758468690872,
    "threshold": 0.34
}